Team/Stat,Median of age,Mean of age,Std of age,Median of matches_played,Mean of matches_played,Std of matches_played,Median of starts,Mean of starts,Std of starts,Median of minutes,Mean of minutes,Std of minutes,Median of goals,Mean of goals,Std of goals,Median of assists,Mean of assists,Std of assists,Median of yellow_cards,Mean of yellow_cards,Std of yellow_cards,Median of red_cards,Mean of red_cards,Std of red_cards,Median of xG,Mean of xG,Std of xG,Median of xAG,Mean of xAG,Std of xAG,Median of PrgC,Mean of PrgC,Std of PrgC,Median of PrgP,Mean of PrgP,Std of PrgP,Median of Prgr,Mean of Prgr,Std of Prgr,Median of Gls/90,Mean of Gls/90,Std of Gls/90,Median of Ast/90,Mean of Ast/90,Std of Ast/90,Median of xG/90,Mean of xG/90,Std of xG/90,Median of xGA/90,Mean of xGA/90,Std of xGA/90,Median of SoT%,Mean of SoT%,Std of SoT%,Median of SoT/90,Mean of SoT/90,Std of SoT/90,Median of G/sh,Mean of G/sh,Std of G/sh,Median of Dist,Mean of Dist,Std of Dist,Median of Cmp,Mean of Cmp,Std of Cmp,Median of Cmp%,Mean of Cmp%,Std of Cmp%,Median of TotDist,Mean of TotDist,Std of TotDist,Median of Short_Cmp%,Mean of Short_Cmp%,Std of Short_Cmp%,Median of Medium_Cmp%,Mean of Medium_Cmp%,Std of Medium_Cmp%,Median of Long_Cmp%,Mean of Long_Cmp%,Std of Long_Cmp%,Median of KP,Mean of KP,Std of KP,Median of 1/3,Mean of 1/3,Std of 1/3,Median of PPA,Mean of PPA,Std of PPA,Median of CrsPA,Mean of CrsPA,Std of CrsPA,Median of PrgP/passing,Mean of PrgP/passing,Std of PrgP/passing,Median of Touches,Mean of Touches,Std of Touches,Median of Def Pen,Mean of Def Pen,Std of Def Pen,Median of Def 3rd,Mean of Def 3rd,Std of Def 3rd,Median of Mid 3rd,Mean of Mid 3rd,Std of Mid 3rd,Median of Att 3rd,Mean of Att 3rd,Std of Att 3rd,Median of Att Pen,Mean of Att Pen,Std of Att Pen,Median of Att,Mean of Att,Std of Att,Median of Succ%,Mean of Succ%,Std of Succ%,Median of Tkld%,Mean of Tkld%,Std of Tkld%,Median of Carries,Mean of Carries,Std of Carries,Median of ProDist,Mean of ProDist,Std of ProDist,Median of ProgC,Mean of ProgC,Std of ProgC,Median of CPA,Mean of CPA,Std of CPA,Median of Mis,Mean of Mis,Std of Mis,Median of Dis,Mean of Dis,Std of Dis,Median of Rec,Mean of Rec,Std of Rec,Median of PrgR,Mean of PrgR,Std of PrgR,Median of Tkl,Mean of Tkl,Std of Tkl,Median of TklW,Mean of TklW,Std of TklW,Median of Lost,Mean of Lost,Std of Lost,Median of Blocks,Mean of Blocks,Std of Blocks,Median of Sh,Mean of Sh,Std of Sh,Median of Pass,Mean of Pass,Std of Pass,Median of Int,Mean of Int,Std of Int,Median of SCA,Mean of SCA,Std of SCA,Median of SCA90,Mean of SCA90,Std of SCA90,Median of GCA,Mean of GCA,Std of GCA,Median of GCA90,Mean of GCA90,Std of GCA90,Median of Fls,Mean of Fls,Std of Fls,Median of Fld,Mean of Fld,Std of Fld,Median of Off,Mean of Off,Std of Off,Median of Crs,Mean of Crs,Std of Crs,Median of Recov,Mean of Recov,Std of Recov,Median of Won,Mean of Won,Std of Won,Median of Won%,Mean of Won%,Std of Won%,Median of GA90,Mean of GA90,Std of GA90,Median of Save%,Mean of Save%,Std of Save%,Median of CS%,Mean of CS%,Std of CS%,Median of PSave%,Mean of PSave%,Std of PSave%
"2024-2025 West Ham United Stats
(Premier League)",28.0,28.12,5.002665955934563,20.0,19.76,7.8807783033572685,13.0,14.08,9.928578280230592,1070.0,1262.72,833.1212656830537,0.0,1.32,2.193171219946131,1.0,0.8,1.118033988749895,2.0,2.76,2.5212430796467578,0.0,0.12,0.33166247903553997,1.0,1.6480000000000001,2.062385350348798,1.0,1.1440000000000001,1.2034949106664308,11.0,20.88,27.49896967766853,29.0,40.68,36.86995163182796,18.0,40.36,51.65258948010255,0.0,0.0892,0.14366976021418007,0.03,0.07,0.13051181300301262,0.07,0.1396,0.16493635136015347,0.09,0.1052,0.09987992791347017,25.0,22.778260869565223,15.024675356400131,0.13,0.3644,0.42048662285499644,0.0,0.049130434782608694,0.06795138927459708,16.7,17.76521739130435,5.538592592449668,424.0,482.88,368.9834368459737,79.1,78.22800000000001,7.760880534234931,7540.0,8512.0,6660.763870107792,89.1,88.428,6.998721311782602,84.7,82.756,10.994509235674567,53.0,52.372,18.871153471193363,9.0,11.16,11.081816938871832,10.0,13.48,15.340903928169727,4.0,8.96,10.849270328767123,1.0,2.44,3.4044089061098406,29.0,40.68,36.86995163182796,617.0,756.04,542.4911274236043,33.0,99.08,161.91122052944118,195.0,278.84,284.5878130442928,318.0,321.56,262.76368977974613,97.0,162.92,166.6490624036031,22.0,28.32,35.740639800279645,20.0,17.84,13.795168236258181,50.0,52.12916666666666,22.614644719674494,42.75,36.645833333333336,22.836526408492976,284.0,383.4,286.5306848024018,1371.0,1949.48,1609.6698968007902,11.0,20.88,27.49896967766853,2.0,5.96,11.756133151111664,10.0,16.6,18.08544534517559,6.0,13.52,20.786854820615197,361.0,479.24,351.45984597580036,18.0,40.36,51.65258948010255,15.0,21.64,19.161332591097796,10.0,12.92,11.557537223243829,11.0,19.16,18.091618685641887,14.0,15.52,12.616523557092368,4.0,5.84,7.684833548403418,9.0,9.68,7.581336733496716,7.0,11.52,14.092314690402473,14.0,27.76,27.588161712348043,2.37,2.262,1.5865633719878112,1.0,1.96,2.621704280298091,0.11,0.1292,0.15984158824703082,12.0,14.64,12.848086757697947,11.0,13.8,15.494622723168622,1.0,2.52,3.9908228057214803,11.0,20.56,24.931706720559664,38.0,52.76,44.819341063131816,9.0,19.96,24.7192232887686,0.5,0.5184799999999999,0.1698690966597515,1.685,1.685,0.007071067811865481,0.6839999999999999,0.6839999999999999,0.0876812408671319,0.1835,0.1835,0.02333452377915609,0.0,0.0,
"2024-2025 Southampton Stats
(Premier League)",26.0,26.448275862068964,4.196820283573128,20.0,17.137931034482758,9.493321479301098,11.0,12.10344827586207,8.86141244621149,972.0,1083.0689655172414,771.3260349662447,0.0,0.7586206896551724,1.0907131485472212,0.0,0.4827586206896552,0.8289705171033531,2.0,2.689655172413793,2.8797748954173246,0.0,0.10344827586206896,0.40925259281898757,0.4,1.0068965517241377,1.3611788573781916,0.5,0.7517241379310345,0.847947391248492,10.0,19.17241379310345,25.22055421040155,21.0,34.0,36.6576828821151,19.0,32.96551724137931,35.42243312468677,0.0,0.0506896551724138,0.08434330503038327,0.0,0.04275862068965517,0.09823065246522512,0.04,0.07689655172413791,0.09277867089692013,0.03,0.055517241379310356,0.05816148743532661,28.0,23.228,23.46579993664539,0.1,0.21137931034482757,0.3024037525505433,0.0,0.0576,0.09070464890695147,17.8,17.148,6.22047157912217,242.0,462.62068965517244,440.6773531243128,80.2,81.11379310344829,7.884465927104069,3918.0,7832.896551724138,7813.912118526745,90.8,89.89310344827585,6.801729351237646,89.5,85.61724137931033,10.801159625757029,55.25,53.392857142857146,17.04416764742857,5.0,8.03448275862069,8.13933464559029,8.0,14.03448275862069,17.03459244893983,5.0,6.482758620689655,7.385413663117961,1.0,1.793103448275862,2.554817722668119,21.0,34.0,36.6576828821151,429.0,670.8965517241379,581.3452591574369,34.0,86.55172413793103,155.56546307099342,156.0,246.27586206896552,294.9056624646169,186.0,289.13793103448273,282.09771915545394,122.0,141.27586206896552,137.0859731679681,15.0,20.06896551724138,19.25195914795382,12.0,17.17241379310345,13.416591448962524,43.9,48.19615384615384,27.940357632202645,45.05,42.4076923076923,28.16018356583526,253.0,374.48275862068965,329.77672324182953,1324.0,1978.0344827586207,1826.8539992245574,10.0,19.17241379310345,25.22055421040155,1.0,4.827586206896552,7.15176784097691,9.0,13.551724137931034,13.720647128888201,5.0,10.517241379310345,13.138331840336429,321.0,457.6551724137931,399.49470547734865,19.0,32.96551724137931,35.42243312468677,12.0,19.17241379310345,18.055606500707043,7.0,11.068965517241379,10.599632859149814,7.0,11.310344827586206,12.279784340462818,7.0,12.310344827586206,13.817957902350585,2.0,5.344827586206897,8.615914933875755,5.0,6.9655172413793105,7.447352159471991,5.0,9.03448275862069,11.59890006675722,15.0,18.24137931034483,17.831863880652747,1.4,1.4113793103448276,0.8128245467764643,1.0,1.2758620689655173,1.7504397758469141,0.06,0.10793103448275863,0.14241236178147368,10.0,13.551724137931034,12.531634846307256,8.0,12.379310344827585,13.885793853286192,0.0,1.4137931034482758,2.598313208043556,5.0,16.20689655172414,24.082268685168152,23.0,42.689655172413794,40.91027067015591,6.0,13.310344827586206,19.51758080785457,0.545,0.5451379310344827,0.2301367177722735,2.37,2.433333333333333,0.1457166199626293,0.675,0.676,0.02651414716712567,0.0,0.02766666666666667,0.04792007234273894,0.14300000000000002,0.14300000000000002,0.20223253941935262
"2024-2025 Everton Stats
(Premier League)",26.0,27.5,5.049752469181039,23.0,20.363636363636363,8.888437939499212,14.5,15.954545454545455,10.011789587078363,1250.0,1431.5,851.8809300880135,1.0,1.4090909090909092,1.9678146183760226,1.0,0.9090909090909091,1.1087999050492516,3.0,3.0454545454545454,2.0113315354397803,0.0,0.09090909090909091,0.29424494316824984,0.8500000000000001,1.613636363636364,1.9317634318699473,0.9500000000000001,1.2363636363636366,1.0825654954542252,11.0,18.454545454545453,18.86727394124615,32.5,39.22727272727273,32.63934496626487,23.0,38.5,38.19592349228608,0.04,0.09681818181818182,0.13109016757420075,0.035,0.061818181818181814,0.08336016883930687,0.055,0.11772727272727272,0.12809712900324682,0.06,0.085,0.07595424687960259,33.3,32.2047619047619,23.332005404389832,0.275,0.3781818181818182,0.40135053392545905,0.06,0.08190476190476191,0.10529098003243428,17.2,17.309523809523814,5.333657728229735,367.0,423.8181818181818,310.6145423823455,73.7,74.30454545454546,7.9054217244048814,6518.0,8010.636363636364,7157.08484513908,86.25,85.56818181818181,7.638834763024827,80.95,79.45454545454547,12.301595996831633,54.4,56.65909090909091,15.602522967255103,8.5,11.727272727272727,9.666741304384194,10.0,13.590909090909092,10.422773101924419,8.0,9.954545454545455,9.347662161138896,1.0,3.272727272727273,4.6412418102406106,32.5,39.22727272727273,32.63934496626487,623.0,733.6818181818181,476.26237130424903,29.5,93.63636363636364,200.84026949995328,144.0,264.90909090909093,332.64021878226805,269.0,292.8636363636364,215.36000766259482,166.5,183.95454545454547,133.92374421315014,18.0,27.772727272727273,24.379796120444873,18.5,24.545454545454547,21.259680758986622,48.6,47.266666666666666,19.98810479593634,45.7,44.94761904761904,20.56026797120162,300.0,354.6818181818182,224.76535624505252,1600.5,1908.2272727272727,1286.2856800296545,11.0,18.454545454545453,18.86727394124615,2.0,4.863636363636363,6.9302336560998095,11.5,19.59090909090909,18.737939844347608,10.0,15.090909090909092,13.215824176267201,404.0,419.90909090909093,255.22332127559133,23.0,38.5,38.19592349228608,22.5,28.40909090909091,26.883627679861906,12.5,16.545454545454547,16.241414648470425,14.5,21.681818181818183,22.250492479592793,11.5,15.181818181818182,14.042915053629828,3.0,5.590909090909091,9.173767419005598,7.5,9.590909090909092,8.145457927488476,8.5,12.636363636363637,12.045728168092085,24.5,27.5,18.783858318602526,1.835,1.9499999999999995,1.1647031095233382,2.0,2.3636363636363638,2.059714602177749,0.11,0.16545454545454544,0.1620031531946883,14.5,16.954545454545453,13.196237821466111,12.0,14.272727272727273,11.844958011872828,1.0,3.227272727272727,6.078312878248983,6.5,25.90909090909091,33.79618052653019,52.0,58.72727272727273,44.3161604600633,10.0,23.454545454545453,28.00293738457632,0.506,0.48331818181818176,0.18436567864763623,1.19,1.19,,0.71,0.71,,0.313,0.313,,1.0,1.0,
"2024-2025 Manchester City Stats
(Premier League)",26.0,26.4,4.769696007084728,21.0,18.16,8.49352694703443,14.0,14.04,8.233468284993876,1277.0,1262.56,726.7182558139938,1.0,2.44,4.4071910933533776,0.0,1.76,2.3678400846904055,2.0,2.2,1.632993161855452,0.0,0.04,0.2,1.1,2.36,4.169432415409401,1.5,1.8920000000000001,2.113827492173064,31.0,38.52,41.82315945342564,55.0,64.52,55.03871364775889,18.0,63.88,72.11467719311143,0.05,0.19399999999999998,0.30177254127350067,0.0,0.10120000000000001,0.14198943622678414,0.07,0.1684,0.25741794809220275,0.07,0.12120000000000002,0.12975361266646876,28.75,29.836363636363636,21.497032917182413,0.33,0.4836,0.582965693673307,0.07,0.12636363636363634,0.21362061284849418,18.1,17.404545454545453,4.976849000524927,649.0,724.28,531.4265016600759,87.7,86.624,6.810058736897942,9657.0,11710.16,8648.024021320323,94.4,92.14800000000001,6.060811276828651,91.7,89.39599999999999,7.966778939236775,65.7,61.79200000000001,11.71227703451952,9.0,16.16,15.699469205464665,22.0,28.92,25.84879107424562,11.0,14.6,15.152007567755943,0.0,2.16,3.009429624807111,55.0,64.52,55.03871364775889,851.0,942.84,629.2256272594116,32.0,71.12,127.99001263119453,189.0,220.8,220.50132274735526,331.0,402.72,349.44974841408407,324.0,326.96,259.5451919544392,19.0,45.2,50.017496938571405,12.0,15.16,14.205867332432282,45.2,48.391304347826086,26.39441940058677,34.9,37.608695652173914,23.72643161776024,563.0,606.64,415.73528035678345,2879.0,3487.32,2478.8149171193345,31.0,38.52,41.82315945342564,3.0,13.64,21.67925275465001,10.0,15.6,14.271183085738429,9.0,13.4,13.904435743076142,630.0,714.44,487.5186389599205,18.0,63.88,72.11467719311143,13.0,16.92,15.451321410589237,6.0,10.36,10.099009852455833,8.0,10.52,10.251503954705054,11.0,10.96,8.492545751029743,1.0,3.0,4.203173404306164,9.0,7.96,6.281454184077654,5.0,7.6,7.767453465154028,31.0,37.24,31.906477921157848,2.25,2.4712,1.7799867040701924,3.0,4.24,4.17612260356422,0.29,0.2916,0.24741463174194042,8.0,9.76,7.62823701781742,12.0,12.76,10.947906953690586,0.0,1.6,2.273030282830976,3.0,21.4,28.49707587338275,46.0,48.44,33.103474137920934,5.0,10.24,12.991279126142018,0.521,0.45004,0.22029553634455087,1.4049999999999998,1.4049999999999998,0.36062445840513924,0.6645000000000001,0.6645000000000001,0.028991378028648474,0.259,0.259,0.0834386001800126,0.0,0.0,0.0
"2024-2025 Leicester City Stats
(Premier League)",26.0,26.692307692307693,4.505722856716607,20.0,18.576923076923077,9.108998087267674,13.0,13.538461538461538,9.437079078743674,1242.0,1216.6153846153845,778.9963839157703,0.0,1.0384615384615385,1.799572598830494,0.0,0.8076923076923077,1.132050556087696,2.0,2.8846153846153846,2.405442546841193,0.0,0.0,0.0,0.35,1.073076923076923,1.9356771822404049,0.4,0.8461538461538461,1.0370075290877183,12.5,19.53846153846154,21.43311600160979,25.5,36.15384615384615,33.565091756397514,19.0,35.73076923076923,38.60627689100071,0.0,0.06192307692307693,0.09612571896300098,0.0,0.060384615384615384,0.09210779637927592,0.04,0.0676923076923077,0.08585139217544197,0.025,0.0673076923076923,0.08248916012702238,33.3,32.27619047619048,18.15907224397504,0.22,0.2857692307692308,0.2775777091471587,0.0,0.06095238095238095,0.0744919298920871,17.7,18.333333333333332,5.697660338536629,366.0,455.5769230769231,348.637023057153,77.55,77.91923076923078,8.384701269849474,5350.0,7633.923076923077,5995.718932192048,88.75,88.67692307692307,7.026538703646778,82.85,84.28846153846152,9.04311127535549,51.0,55.07692307692308,18.387763489719084,6.0,8.307692307692308,8.47003768949929,8.0,12.384615384615385,11.950152879614295,5.0,7.346153846153846,8.182626999648988,1.0,2.3076923076923075,3.9473457489227446,25.5,36.15384615384615,33.565091756397514,726.5,710.7692307692307,494.8124741913694,27.5,92.38461538461539,152.3044521799877,133.5,258.2307692307692,262.0664507627495,298.0,323.61538461538464,262.1044184172525,95.5,136.15384615384616,128.18664276988997,14.5,20.807692307692307,23.098085168722072,18.0,22.76923076923077,20.976763701405787,42.45,43.81666666666666,28.552067870999203,50.0,47.824999999999996,25.529577901447702,415.5,402.15384615384613,267.8578268123136,2272.0,2042.423076923077,1351.577483478529,12.5,19.53846153846154,21.43311600160979,2.5,4.538461538461538,5.85307282873377,12.0,16.307692307692307,15.223059431715377,7.0,10.615384615384615,11.903199311368095,458.5,451.38461538461536,307.1489641100001,19.0,35.73076923076923,38.60627689100071,20.0,23.884615384615383,21.016806461642876,12.0,13.73076923076923,12.298154958554369,14.5,18.346153846153847,16.326523959967247,14.0,16.23076923076923,13.179704677443096,3.0,6.076923076923077,7.402286549022954,8.0,10.153846153846153,8.412810744060787,8.0,10.76923076923077,11.458822600276845,13.0,19.076923076923077,17.474376845937773,1.395,1.353076923076923,0.985514157100827,1.0,1.8076923076923077,2.3497954084427137,0.05500000000000001,0.12730769230769232,0.15711289424633978,12.5,12.923076923076923,9.951575058946506,10.5,12.461538461538462,11.013558078044605,0.5,2.0384615384615383,4.512035188078826,9.0,21.115384615384617,26.486716554645913,40.0,49.0,36.39340599614167,11.0,16.576923076923077,16.002932423585563,0.5095000000000001,0.48537499999999995,0.1958133122667342,2.2,2.733333333333333,1.1015141094572205,0.586,0.5423333333333332,0.12629462907556013,0.0,0.013333333333333334,0.023094010767585032,0.25,0.25,
"2024-2025 Bournemouth Stats
(Premier League)",25.0,25.869565217391305,3.7331968730942426,22.0,19.782608695652176,8.893084758492924,14.0,14.782608695652174,10.479228466304752,1380.0,1323.6521739130435,888.2861234726962,1.0,2.1739130434782608,3.3391911638087595,1.0,1.608695652173913,2.0167284586402126,3.0,3.3043478260869565,2.851391727316451,0.0,0.043478260869565216,0.2085144140570748,1.0,2.526086956521739,3.356028143682018,1.1,1.6782608695652175,1.7549816165157686,18.0,26.695652173913043,31.382442663213475,36.0,52.65217391304348,47.650821509327976,22.0,51.869565217391305,65.51842513080236,0.03,0.1408695652173913,0.19028478760861814,0.05,0.10521739130434785,0.12206069895445057,0.08,0.1882608695652174,0.20836271202603854,0.09,0.1291304347826087,0.1507831990724751,30.85,25.244999999999997,17.692563855741025,0.17,0.56,0.6681657388294124,0.06,0.0595,0.05576973334968294,15.8,15.4,4.716711610969302,344.0,444.4347826086956,360.59847048621276,73.3,73.81304347826087,6.801223442602479,5606.0,8110.565217391304,6973.018557437771,87.8,86.70434782608696,7.339462344741707,79.8,81.37826086956522,10.816231763660458,46.6,47.417391304347824,19.181825019199653,10.0,16.26086956521739,15.5920066680578,14.0,17.869565217391305,18.091445361189827,6.0,12.08695652173913,12.555017263947656,2.0,3.5217391304347827,4.8511438690214765,36.0,52.65217391304348,47.650821509327976,749.0,755.5652173913044,556.5582405272734,36.0,78.34782608695652,130.2217021068483,131.0,227.2173913043478,246.21626792900054,255.0,323.30434782608694,287.9277742109214,99.0,214.65217391304347,216.85135434537392,19.0,36.69565217391305,45.03981549959051,21.0,23.304347826086957,19.749418363377178,41.15,42.504999999999995,19.687358353709328,46.599999999999994,43.735,19.47347115815176,407.0,407.0,303.4928485004368,2051.0,2350.304347826087,1952.5353316505884,18.0,26.695652173913043,31.382442663213475,1.0,8.608695652173912,15.248663519483754,17.0,21.217391304347824,19.306043617429822,7.0,12.695652173913043,15.413791883801796,378.0,439.9130434782609,325.94448956329944,22.0,51.869565217391305,65.51842513080236,20.0,25.956521739130434,21.72028432107053,9.0,15.08695652173913,13.734207603572319,22.0,22.304347826086957,18.464793976667885,12.0,16.565217391304348,15.225057357576752,2.0,4.739130434782608,6.503267649311157,8.0,11.826086956521738,11.479832806483818,8.0,13.08695652173913,14.472271429053752,26.0,37.391304347826086,33.99564026919118,2.35,2.6182608695652174,1.9174359113952937,2.0,3.739130434782609,3.9221676671817796,0.23,0.24086956521739128,0.2134332564075043,14.0,18.434782608695652,16.784262344547436,9.0,13.869565217391305,12.41445033318426,0.0,2.5217391304347827,4.620798486855543,10.0,29.652173913043477,37.11359551878551,52.0,66.6086956521739,53.88602376602168,20.0,20.347826086956523,18.775246507647374,0.44399999999999995,0.4903181818181819,0.18021531734583662,1.0,1.1233333333333333,0.21361959960016158,0.8,0.7933333333333334,0.05629683235612219,0.2,0.136,0.1178473589012499,0.0,0.0,
"2024-2025 Brighton & Hove Albion Stats
(Premier League)",24.0,25.333333333333332,5.225676253624243,19.0,18.296296296296298,9.058845294113267,9.0,13.037037037037036,9.279760778918824,903.0,1167.7037037037037,813.5407802560368,1.0,1.8148148148148149,2.7461446686783533,1.0,1.1481481481481481,1.5616486284521365,2.0,2.4814814814814814,2.4395833561423865,0.0,0.07407407407407407,0.2668802563418119,0.7,1.8481481481481483,2.529878435870961,0.8,1.2444444444444445,1.3937589829536894,16.0,25.0,29.218013411118623,36.0,47.629629629629626,46.54373307244583,27.0,46.96296296296296,61.175335327414864,0.05,0.1274074074074074,0.15134252014737434,0.04,0.07814814814814815,0.09523400479616338,0.09,0.13333333333333333,0.12508458676493217,0.09,0.09666666666666666,0.07442084075352508,29.2,30.584,21.17196810250132,0.3,0.4659259259259259,0.6607877540030958,0.06,0.0832,0.09154780172128657,16.1,17.311999999999998,3.758026964600795,314.0,490.44444444444446,450.3137652565012,80.8,79.9962962962963,7.791093607520038,4884.0,8379.592592592593,8669.236601380322,91.8,89.68518518518516,6.426190623217297,82.4,82.37777777777777,9.405944656003186,52.4,54.57777777777778,16.151049819018276,9.0,11.333333333333334,9.719132598207437,16.0,17.40740740740741,17.416303721732557,8.0,10.481481481481481,10.203206020923673,1.0,2.6666666666666665,3.802832952094854,36.0,47.629629629629626,46.54373307244583,569.0,734.2962962962963,572.6756912017895,25.0,81.55555555555556,183.11289777984874,114.0,236.88888888888889,304.9088556542926,246.0,320.85185185185185,300.6982519843419,137.0,184.92592592592592,170.65956348733172,17.0,32.7037037037037,40.34830547849259,17.0,21.333333333333332,17.45323421648219,42.5,45.52692307692307,21.530825487051032,47.15,45.94615384615384,20.395788403868693,334.0,427.1111111111111,357.0272919252633,1927.0,2369.962962962963,2117.336797479351,16.0,25.0,29.218013411118623,2.0,7.666666666666667,14.123085302494582,10.0,17.925925925925927,18.451445484184713,7.0,11.185185185185185,11.688380282067898,384.0,484.55555555555554,394.5025429705826,27.0,46.96296296296296,61.175335327414864,16.0,21.14814814814815,17.999366877121204,10.0,12.703703703703704,10.77323897733073,12.0,14.555555555555555,13.871202414003497,12.0,13.592592592592593,11.513401085622117,2.0,3.8518518518518516,5.141862156723616,9.0,9.74074074074074,9.468947600497568,8.0,9.851851851851851,9.168104005416335,22.0,28.62962962962963,22.7175773155572,2.59,2.4392592592592592,1.2143720312158999,3.0,3.185185185185185,2.8828009488241313,0.22,0.2437037037037037,0.20591536999733556,9.0,13.851851851851851,11.749643869246892,8.0,13.25925925925926,14.442439045536789,1.0,1.2962962962962963,1.793467093794647,9.0,20.444444444444443,25.495600424889798,40.0,50.925925925925924,40.603074841810766,13.0,16.51851851851852,16.901002178683804,0.5415,0.5152307692307692,0.19938090333676545,1.05,1.05,0.7778174593052023,0.6985,0.6985,0.07283199846221437,0.35,0.35,0.21213203435596426,0.0,0.0,
"2024-2025 Crystal Palace Stats
(Premier League)",27.0,26.61904761904762,3.2167715255546274,26.0,21.285714285714285,9.006346968348804,16.0,16.142857142857142,11.345861422940589,1428.0,1447.904761904762,951.9287738461269,0.0,1.7619047619047619,3.160771454957822,1.0,1.4761904761904763,2.0885173597326796,2.0,3.0476190476190474,2.906478805637338,0.0,0.14285714285714285,0.35856858280031806,1.0,2.238095238095238,3.108613226259611,1.1,1.7428571428571429,1.977516479974675,11.0,19.19047619047619,20.225278854985035,44.0,45.714285714285715,35.98352797759394,10.0,45.42857142857143,58.87153083500668,0.0,0.09000000000000001,0.1356097341638866,0.04,0.06523809523809523,0.08547625679795809,0.08,0.1380952380952381,0.13779038600784335,0.12,0.10523809523809524,0.07928549978520963,35.5,31.12857142857143,18.61448744545879,0.35,0.5128571428571428,0.4726641816040524,0.0,0.06476190476190477,0.09080853746311784,17.7,18.29523809523809,5.625964467580308,452.0,469.04761904761904,352.4038132867572,75.7,74.22380952380952,6.9590879260076,7210.0,8438.809523809523,6883.693170232442,85.4,84.41428571428571,6.452153571815052,81.8,79.99999999999999,10.527487829487146,46.7,49.68095238095239,18.29949778129496,9.0,14.571428571428571,14.824208001007774,9.0,13.619047619047619,12.519888939108807,4.0,10.285714285714286,10.780272988857273,1.0,2.5714285714285716,3.641035959331198,44.0,45.714285714285715,35.98352797759394,729.0,798.1904761904761,554.3935081733568,24.0,99.95238095238095,196.88612855924518,162.0,300.1904761904762,332.7988309846684,342.0,332.42857142857144,242.10464089491788,114.0,173.23809523809524,166.01834379426413,14.0,29.61904761904762,32.24511775521403,23.0,26.61904761904762,19.85315136313676,41.25,41.54,23.68158067270626,46.75,48.019999999999996,26.228863169376876,358.0,397.85714285714283,279.7417176100636,1769.0,2030.2857142857142,1478.6288967437754,11.0,19.19047619047619,20.225278854985035,1.0,4.9523809523809526,7.0176647859255175,13.0,18.952380952380953,18.64262908088929,12.0,13.571428571428571,13.264883823733356,473.0,464.8095238095238,315.8533867235903,10.0,45.42857142857143,58.87153083500668,21.0,30.904761904761905,27.033136632482666,12.0,18.285714285714285,17.020995438407407,19.0,25.666666666666668,23.503900385538852,17.0,18.714285714285715,15.981685947179844,2.0,5.380952380952381,6.3204128858500255,11.0,13.333333333333334,11.46443776786866,10.0,12.714285714285714,12.911788633426653,24.0,33.666666666666664,31.692796237210327,2.03,2.2466666666666666,1.5337807318301182,3.0,3.380952380952381,3.1380916251153415,0.17,0.18333333333333332,0.16986268964470488,10.0,16.0,14.553350129781116,18.0,16.19047619047619,13.97003596136763,1.0,3.0,4.743416490252569,7.0,23.238095238095237,29.279523155107498,57.0,66.14285714285714,49.02987427506389,14.0,20.333333333333332,20.264089748452392,0.429,0.4091904761904762,0.19069861537190536,1.29,1.29,,0.685,0.685,,0.29,0.29,,0.5,0.5,
"2024-2025 Fulham Stats
(Premier League)",28.0,28.272727272727273,3.397223210377196,23.0,21.681818181818183,8.571194080486569,16.0,15.454545454545455,10.391055094360052,1502.0,1388.8181818181818,864.5834469827287,0.5,2.090909090909091,3.100062839748512,1.0,1.7727272727272727,2.428635089565412,2.0,3.0,2.8619008002508037,0.0,0.09090909090909091,0.29424494316824984,0.8,1.9,2.530763107199468,0.7,1.4590909090909092,1.707590642064368,18.5,29.045454545454547,33.16836885710077,45.0,57.13636363636363,43.96459122277018,28.5,56.22727272727273,65.98263250437795,0.02,0.20045454545454547,0.34447305890546553,0.1,0.11136363636363637,0.12755187383759017,0.07,0.15227272727272725,0.16506656141378148,0.09,0.10272727272727272,0.08316259565464101,30.8,28.990476190476187,20.2430705368999,0.195,0.5772727272727274,0.6991503811135737,0.06,0.08333333333333333,0.11306340404097753,15.4,16.490476190476187,4.345446439884487,583.0,604.9090909090909,454.4792843611465,81.85,80.51363636363634,7.9091445238765905,9961.5,10809.5,8838.906519043006,90.8,88.45909090909092,6.708037758001259,85.19999999999999,85.35909090909091,8.51064650282832,58.2,61.09090909090909,15.713746153664893,8.5,14.545454545454545,15.438749248400217,15.5,20.181818181818183,21.39790012758565,5.5,11.772727272727273,16.87469736781704,1.0,3.6363636363636362,6.31359421102369,45.0,57.13636363636363,43.96459122277018,892.0,890.0909090909091,619.0871089635517,25.0,97.45454545454545,210.14954477426588,146.5,299.45454545454544,353.71238346494204,364.0,370.90909090909093,290.4577518808985,190.5,229.0,207.1898140537296,21.0,33.86363636363637,34.939805999605134,17.5,21.272727272727273,19.096700832447016,44.4,44.976190476190474,23.14398204203211,39.1,37.93333333333333,17.60285014801107,486.0,528.8181818181819,375.8165251902324,2318.0,2721.681818181818,1983.1511093486602,18.5,29.045454545454547,33.16836885710077,3.5,8.454545454545455,10.550230296413405,13.5,18.545454545454547,16.800587497457947,7.0,10.727272727272727,10.916051170646515,587.5,598.7727272727273,411.0134897355424,28.5,56.22727272727273,65.98263250437795,23.0,25.181818181818183,21.223608516026637,12.0,15.136363636363637,13.399699550808894,16.0,19.40909090909091,19.17254756381061,13.0,13.636363636363637,10.209917935146407,2.0,4.0,5.052109413285655,9.5,9.636363636363637,7.675225788801976,8.5,11.727272727272727,12.687383377580145,24.5,34.13636363636363,30.02268262266834,2.245,2.4863636363636363,1.6681999008185164,2.0,3.8636363636363638,4.155265787676375,0.19,0.2509090909090909,0.2383057078410217,14.0,15.590909090909092,12.3159172692016,12.5,13.454545454545455,10.294368653493326,0.0,1.5909090909090908,2.986622409999868,12.0,31.863636363636363,44.61827028572537,50.5,59.5,40.9398513501384,13.5,19.727272727272727,19.964687440296796,0.5,0.4695,0.21154347746300964,1.35,1.35,,0.6829999999999999,0.6829999999999999,,0.161,0.161,,0.0,0.0,
"2024-2025 Manchester United Stats
(Premier League)",25.0,25.6,5.008326400438906,20.0,18.92,10.09504829111778,15.0,14.0,10.173494974687902,1294.0,1249.72,873.5168630312754,0.0,1.44,2.2188585654190156,0.0,0.96,2.1307275752662513,2.0,2.84,2.3923489154664153,0.0,0.12,0.439696865275764,0.8,1.7080000000000002,2.1997954450357424,0.6,1.2520000000000002,1.5658118235173302,9.0,22.32,30.69299594370025,42.0,46.4,54.00308633155455,18.0,46.12,63.660113100747786,0.0,0.0784,0.11628556803547607,0.0,0.0456,0.09083318042800585,0.07,0.1272,0.14670037491431304,0.07,0.084,0.07522189397597838,30.3,28.8952380952381,16.750357494408178,0.25,0.4068,0.47523432816523964,0.04,0.05714285714285715,0.06893060692775432,15.9,15.557142857142857,5.2821938083121704,539.0,554.88,452.23116507674115,81.6,82.57600000000001,6.039679903217829,7845.0,9127.12,8012.446761757609,89.9,89.46799999999999,4.804400760414006,86.5,84.988,9.191224075170837,55.2,59.312,16.20522858010134,7.0,13.0,16.55546234127375,10.0,15.44,17.53586800436941,6.0,10.48,13.291977530325072,1.0,2.36,2.8266588050205144,42.0,46.4,54.00308633155455,749.0,817.68,638.7411264876145,21.0,84.6,188.54994917351036,143.0,287.6,319.4283957321265,313.0,349.0,298.45770219580527,126.0,188.76,210.98188705826541,20.0,31.32,35.161200207046406,15.0,24.04,23.908645577140778,48.8,47.62173913043479,27.364790857160344,50.0,46.72173913043479,24.956761818679688,516.0,500.16,387.9680699920205,1694.0,2476.76,1975.4903669722107,9.0,22.32,30.69299594370025,1.0,7.64,15.091056954368703,8.0,16.4,17.068489485989478,6.0,12.08,13.316405921519015,552.0,548.96,422.1935259254141,18.0,46.12,63.660113100747786,15.0,27.48,27.05260307869343,9.0,16.44,16.401422702517813,13.0,16.48,17.246062352510112,10.0,12.6,10.739335795724674,2.0,3.76,5.076744363598914,8.0,8.84,8.148005891014071,7.0,12.88,12.865716717954996,25.0,30.12,34.65222455581556,1.89,2.204,1.4027027482684988,1.0,2.36,3.9251326941476345,0.06,0.1356,0.2149240175814079,9.0,13.68,11.179296340408312,7.0,12.08,10.870142593360955,1.0,2.32,3.0512292604784714,6.0,20.24,34.84881633570931,53.0,57.64,50.17708640405499,10.0,15.76,15.987703608294304,0.46699999999999997,0.4796666666666667,0.2299430301214831,1.32,1.32,,0.698,0.698,,0.29,0.29,,0.25,0.25,
"2024-2025 Ipswich Town Stats
(Premier League)",26.0,26.466666666666665,3.093188660905446,17.5,16.633333333333333,8.397386019114698,9.5,11.733333333333333,9.149838262498688,943.0,1051.5333333333333,754.796557807573,0.0,1.0666666666666667,2.2884015402012388,0.0,0.8,1.0635010497214474,2.0,2.7,2.365703219792781,0.0,0.1,0.30512857662936466,0.55,1.0233333333333332,1.7044937226562944,0.4,0.6933333333333332,0.9533727184212295,7.5,14.2,17.644770642728194,19.5,26.433333333333334,24.669796322116497,14.5,26.066666666666666,34.8097621398062,0.0,0.09000000000000001,0.14593338111665174,0.0,0.07600000000000001,0.12609793676017234,0.045,0.09566666666666665,0.11646172475682012,0.035,0.060333333333333336,0.06321737721235511,23.6,29.133333333333336,24.521111873979773,0.09,0.31299999999999994,0.4079819975744366,0.07,0.07166666666666668,0.07458095494547995,16.1,16.5875,5.272926132613655,195.5,324.8,294.2495305126188,75.2,75.09666666666665,8.329444379918801,4099.5,5771.666666666667,5311.512261658361,87.0,87.10666666666665,7.0080216763429,84.5,81.34333333333333,11.795284953168226,48.7,46.667857142857144,16.63218774882515,4.5,7.833333333333333,10.828071224220018,6.5,9.433333333333334,10.510038988520922,3.5,4.633333333333334,5.91015101816115,0.0,1.4,2.7618085029372605,19.5,26.433333333333334,24.669796322116497,369.0,539.6333333333333,442.55835253929945,24.5,83.83333333333333,124.60450075818049,105.5,217.93333333333334,234.74842489036163,141.5,213.9,203.00133344219773,100.0,113.63333333333334,119.77060929366067,11.5,16.866666666666667,20.575736184647923,12.0,17.533333333333335,16.181584538014796,49.05,44.83181818181817,12.372372693247081,46.65,45.47727272727272,9.39026506133229,205.5,268.3333333333333,213.54549435874205,1266.5,1501.5666666666666,1200.4915281647775,7.5,14.2,17.644770642728194,1.5,4.266666666666667,7.413563214826585,11.0,15.633333333333333,19.7300459361776,5.0,9.9,13.64664920347697,236.5,321.7,268.7693729986156,14.5,26.066666666666666,34.8097621398062,11.5,16.866666666666667,15.316732642785624,7.0,9.566666666666666,8.692776760971833,12.0,15.3,16.362594010688547,8.0,12.166666666666666,12.849482300945,2.0,5.133333333333334,8.865793751863096,5.0,7.033333333333333,7.256309185013118,5.0,9.1,9.177746699640311,11.5,18.2,20.442349551174733,1.395,1.5910000000000002,1.269833956020262,1.0,1.7333333333333334,2.0160277319749236,0.1,0.14833333333333334,0.18442984524228165,8.0,12.266666666666667,13.982583583807425,7.5,11.333333333333334,11.167481527997301,0.5,1.4666666666666666,2.7759227522459593,5.5,14.4,28.5579869859494,33.5,41.166666666666664,33.78234933270304,7.0,15.433333333333334,20.77744687998443,0.5525,0.5252666666666667,0.26674473569873597,2.25,2.25,0.41999999999999993,0.633,0.6363333333333333,0.06206716791777539,0.055999999999999994,0.07433333333333332,0.08499607834090542,0.0,0.0,0.0
"2024-2025 Newcastle United Stats
(Premier League)",27.0,27.681818181818183,4.694336645022013,26.0,20.954545454545453,9.073652452632778,15.5,15.5,10.966398896716495,1531.0,1387.5,916.2518238791696,0.0,2.5,4.6675169293441545,0.5,1.8636363636363635,2.730697705113101,2.0,2.409090909090909,2.5571392294830253,0.0,0.045454545454545456,0.2132007163556105,0.55,2.4272727272727277,3.881602739441509,0.6499999999999999,1.7500000000000002,2.1542317158825526,15.5,27.227272727272727,30.056980519042128,52.5,56.31818181818182,54.83949425250136,26.0,55.68181818181818,62.90157569654534,0.0,0.1318181818181818,0.22001377367351482,0.02,0.09999999999999999,0.1336662510384228,0.11,0.14727272727272725,0.16725178675625613,0.07,0.09818181818181816,0.0964432408274354,25.75,22.94,17.574005923821876,0.2,0.3577272727272728,0.4244091895484359,0.0,0.07150000000000001,0.09734772183964258,14.8,15.745,3.785495170279646,422.0,559.6818181818181,455.4359906270491,81.8,80.15454545454544,5.813262936942211,7061.5,9388.545454545454,8010.816341061406,88.5,88.60909090909094,5.457533813424827,85.85,86.32272727272726,8.593459961654219,51.5,52.647619047619045,12.105726704647642,9.0,14.318181818181818,15.369686812920836,15.5,17.136363636363637,15.75797743410787,7.5,13.409090909090908,16.013860338585538,0.5,2.5,4.1144345211184765,52.5,56.31818181818182,54.83949425250136,761.0,844.7272727272727,640.809546167092,25.0,86.95454545454545,131.22589657051665,131.5,284.04545454545456,305.8975049747604,254.0,352.95454545454544,309.48859156952506,152.0,216.3181818181818,200.59943179040175,25.0,38.31818181818182,41.76052631901995,26.5,23.272727272727273,21.24053137659633,43.349999999999994,43.175,22.40962845226179,43.75,42.58,18.97598482292817,416.0,484.8181818181818,374.74392988681353,2408.5,2605.818181818182,1971.0207564890895,15.5,27.227272727272727,30.056980519042128,3.5,9.772727272727273,14.803255170278044,15.5,17.5,16.4309522084446,7.0,17.318181818181817,19.96279006083536,513.5,555.2272727272727,436.1209893091793,26.0,55.68181818181818,62.90157569654534,21.0,23.40909090909091,20.55111882230466,13.0,14.681818181818182,13.105383712470317,9.5,16.954545454545453,18.017127493495824,16.0,16.318181818181817,13.119909856094083,2.5,5.409090909090909,6.95330747547416,10.0,10.909090909090908,9.521449924145411,6.0,10.590909090909092,10.983360102181805,29.5,33.68181818181818,31.764589994035454,2.2,2.0959090909090907,1.4206760935450988,2.5,4.363636363636363,5.0289206883826765,0.16999999999999998,0.2218181818181818,0.21879837127530746,9.0,14.636363636363637,14.984263029196281,9.0,16.90909090909091,22.59774344172463,2.0,2.8181818181818183,4.147705775903493,10.5,24.318181818181817,35.46478651072191,45.0,62.68181818181818,53.190928660579814,8.0,17.227272727272727,25.429513820759006,0.5,0.47831818181818186,0.24686961786560174,1.2650000000000001,1.2650000000000001,0.09192388155425125,0.7085,0.7085,0.002121320343559566,0.369,0.369,0.18526197667087543,0.0,0.0,
"2024-2025 Liverpool Stats
(Premier League)",26.0,26.61904761904762,3.680709041423819,26.0,23.0,8.330666239863412,17.0,16.761904761904763,11.251243317539453,1501.0,1502.095238095238,920.8717014200136,1.0,3.5238095238095237,6.217869792935903,2.0,2.6666666666666665,3.928528138289623,2.0,2.761904761904762,2.2782616597915597,0.0,0.09523809523809523,0.30079260375911915,1.6,3.3904761904761904,5.195662110059195,1.2,2.4619047619047616,2.9459253538533847,21.0,33.19047619047619,34.6693222426096,60.0,76.57142857142857,63.395245427848465,51.0,75.80952380952381,101.73230511868837,0.04,0.1676190476190476,0.24470195671274808,0.15,0.15428571428571428,0.16206700554312184,0.07,0.18428571428571425,0.21010881534508322,0.11,0.1361904761904762,0.12056020033477842,33.3,31.57222222222222,14.536558600566792,0.35,0.5095238095238096,0.4736821317136228,0.08,0.0761111111111111,0.07220386896012192,15.05,15.533333333333335,3.9548927255474626,564.0,733.8571428571429,594.2984339298132,84.3,82.83809523809525,7.635867743123645,10648.0,12474.190476190477,10532.07683042166,92.3,91.30000000000001,5.993746741396404,89.4,86.74285714285716,9.844164333683759,60.2,60.400000000000006,14.90080534736294,10.0,20.095238095238095,20.801213334574406,16.0,22.571428571428573,20.553762255537134,8.0,17.571428571428573,21.765962943484556,1.0,3.2857142857142856,5.710891849289892,60.0,76.57142857142857,63.395245427848465,726.0,1038.3809523809523,769.5496394769136,26.0,93.28571428571429,141.8538483288849,155.0,283.76190476190476,299.04128557139137,264.0,468.76190476190476,438.8735472504472,183.0,294.9047619047619,268.7037224829431,39.0,52.0,67.88519720822795,19.0,26.952380952380953,26.26875747056985,48.55,54.775,20.891445617764223,42.15,38.265,19.3140874411454,465.0,598.3333333333334,431.7097790568721,2932.0,3042.1428571428573,2188.820350913119,21.0,33.19047619047619,34.6693222426096,5.0,13.142857142857142,24.73921121274022,19.0,21.333333333333332,23.43359411898511,10.0,13.666666666666666,15.36012152729702,520.0,725.7619047619048,536.5339602263685,51.0,75.80952380952381,101.73230511868837,24.0,26.38095238095238,22.087272784289578,15.0,16.095238095238095,13.442115763170476,12.0,14.857142857142858,12.260855248659102,9.0,14.523809523809524,14.091199550141384,2.0,3.8095238095238093,4.388838657538548,8.0,10.714285714285714,12.235778917350776,6.0,12.142857142857142,15.304527808089064,33.0,45.523809523809526,42.009069315588334,2.55,2.542380952380952,1.478979055841917,4.0,6.190476190476191,6.153202805198669,0.36,0.3633333333333334,0.28311364031662856,15.0,17.428571428571427,15.683020846034184,11.0,14.238095238095237,12.825384056256413,1.0,2.4761904761904763,4.190692635102789,6.0,28.666666666666668,41.896698358383006,58.0,64.57142857142857,45.94950644846082,9.0,16.666666666666668,24.023599508261317,0.45899999999999996,0.5103809523809524,0.2191007704665769,1.035,1.035,0.23334523779156066,0.6984999999999999,0.6984999999999999,0.03181980515339467,0.382,0.382,0.02545584412271573,1.0,1.0,
"2024-2025 Aston Villa Stats
(Premier League)",27.0,26.678571428571427,4.04652179338486,19.5,17.714285714285715,9.46282059139734,9.0,12.571428571428571,10.692429206127217,895.5,1129.2857142857142,858.0086271319213,0.5,1.7142857142857142,3.1488639086730816,0.0,1.3571428571428572,2.0943360251505454,2.0,2.2857142857142856,2.157796249900499,0.0,0.07142857142857142,0.262265264156481,0.8,1.782142857142857,2.8368022648656868,0.4,1.2964285714285715,1.8294873078334841,16.0,22.0,21.788546090566502,33.0,40.75,43.394508101064275,18.5,40.392857142857146,48.378399898297346,0.02,0.1717857142857143,0.30168727457453626,0.0,0.09035714285714287,0.1257122564771289,0.08,0.1867857142857143,0.24473800914793173,0.055,0.09142857142857143,0.11161157134071206,26.7,29.528,22.678009171882792,0.165,0.46214285714285713,0.6679341126458349,0.04,0.07640000000000001,0.09082400563727633,16.6,16.972,4.664004002285304,382.5,454.14285714285717,391.3402151851557,82.15,81.25714285714287,7.220876553511921,5419.5,7744.107142857143,7242.589143849991,91.35,90.01428571428572,5.621895968951603,86.30000000000001,86.41428571428571,7.777589566883783,53.55,53.96785714285714,15.23990992418769,6.0,10.892857142857142,13.736513347345422,12.5,14.107142857142858,12.449421482064748,7.0,9.678571428571429,11.62390121108569,0.0,1.7857142857142858,3.5103776609862547,33.0,40.75,43.394508101064275,630.5,666.25,525.5580191391637,27.0,78.5,172.0677084647096,125.5,222.03571428571428,272.5931009347975,226.0,285.57142857142856,275.21916230812724,112.0,165.17857142857142,158.71895813656815,17.0,29.071428571428573,35.303896093279555,10.0,16.535714285714285,17.515035113480504,50.0,50.74074074074074,25.02834176963971,42.1,38.91851851851852,22.84997958317615,350.5,378.67857142857144,291.8336732749373,2023.5,2088.1071428571427,1531.138340492089,16.0,22.0,21.788546090566502,2.0,6.607142857142857,9.967871668940447,7.0,15.214285714285714,19.122135985712596,7.0,11.75,14.336240015351926,435.0,445.75,354.3179807481995,18.5,40.392857142857146,48.378399898297346,10.0,19.75,19.109092270628853,6.0,11.178571428571429,11.261384598209185,8.0,12.678571428571429,13.007273097738567,8.0,10.035714285714286,8.443635090704332,2.0,3.3214285714285716,4.05566427338515,5.5,6.714285714285714,5.842736185860708,5.0,7.571428571428571,7.9973540597920225,17.5,26.035714285714285,26.93817632868536,1.825,2.1175,1.455967604950971,2.0,3.142857142857143,3.4287918800378887,0.19,0.24000000000000002,0.22532281369264495,8.0,12.642857142857142,12.92489497260655,8.5,15.071428571428571,16.211401044003686,1.0,1.7142857142857142,2.462415899780552,4.5,18.571428571428573,32.84579974435942,36.5,42.892857142857146,33.63347019652176,8.0,11.25,10.919316896284377,0.5,0.41257692307692306,0.2351646526290757,1.7,1.7,0.42426406871192857,0.607,0.607,0.07212489168102776,0.5805,0.5805,0.5932625894155134,0.5,0.5,
"2024-2025 Wolverhampton Wanderers Stats
(Premier League)",26.0,27.08695652173913,4.010362072502827,24.0,20.782608695652176,8.25698889502997,15.0,15.26086956521739,9.8221335920662,1364.0,1370.0434782608695,792.207702233613,1.0,2.0,3.668043818514912,1.0,1.565217391304348,1.9731397903876622,2.0,3.0434782608695654,2.6020666763444575,0.0,0.08695652173913043,0.28810406552003043,0.7,1.6565217391304345,2.2910549548895833,0.9,1.3130434782608695,1.6709562716181652,12.0,21.82608695652174,25.5087367812268,30.0,43.0,38.10153898108675,28.0,42.34782608695652,44.54987878327778,0.07,0.11608695652173913,0.1591951098619319,0.04,0.10347826086956523,0.13261731326887952,0.07,0.11565217391304347,0.13041284400481007,0.07,0.0808695652173913,0.07925293475944087,28.6,31.652380952380955,17.18215990635691,0.25,0.36260869565217385,0.40994697430171434,0.07,0.09333333333333334,0.11019679366176376,18.3,17.56190476190476,4.800153767378311,465.0,510.4782608695652,364.84503180556203,80.4,77.56521739130436,8.865080048638855,9467.0,8755.08695652174,5753.676428740177,90.4,88.17826086956522,6.96778016833972,86.3,84.41304347826085,9.714015383025705,56.8,51.1086956521739,18.902066097831696,10.0,11.391304347826088,11.59835070733916,12.0,16.52173913043478,19.59561538437847,4.0,10.043478260869565,11.44742234133386,1.0,2.4782608695652173,2.998023064035719,30.0,43.0,38.10153898108675,674.0,797.7391304347826,510.3996845068226,55.0,95.21739130434783,137.95584159160862,304.0,281.04347826086956,228.0712564610355,296.0,359.0,282.38255805008407,119.0,167.6086956521739,169.96276039458942,19.0,26.217391304347824,29.034394214979415,17.0,24.26086956521739,21.084715255163026,46.7,43.51428571428571,24.30677448190701,41.4,41.32380952380953,22.578128903031462,390.0,436.7391304347826,272.1575775824975,1927.0,2378.304347826087,1581.4168111016093,12.0,21.82608695652174,25.5087367812268,2.0,5.304347826086956,7.985411599847082,15.0,21.304347826086957,21.141159301249083,10.0,12.91304347826087,13.571068972025685,443.0,506.30434782608694,326.75838095707917,28.0,42.34782608695652,44.54987878327778,19.0,29.0,24.9162232655389,12.0,17.08695652173913,15.791001590313911,14.0,17.52173913043478,18.724970118236605,13.0,16.608695652173914,11.888646724863879,4.0,5.478260869565218,5.509244835376849,9.0,11.130434782608695,9.822535998342545,9.0,11.391304347826088,9.193570532194483,18.0,27.26086956521739,25.18696883726754,1.79,1.7969565217391306,1.0476312449027294,3.0,3.5652173913043477,3.4618188461154578,0.19,0.25217391304347825,0.23139805376998646,14.0,18.217391304347824,16.37058482250497,8.0,15.391304347826088,14.892765572692065,1.0,2.4347826086956523,3.2728370644737095,10.0,19.91304347826087,27.89087997483677,42.0,60.43478260869565,45.89199384221859,10.0,16.304347826086957,16.023944533696202,0.409,0.4698695652173913,0.23759042380989606,2.095,2.095,0.47376154339498694,0.615,0.615,0.0,0.12,0.12,0.16970562748477142,0.1,0.1,0.14142135623730953
"2024-2025 Nottingham Forest Stats
(Premier League)",26.0,26.571428571428573,3.7492856462455424,28.0,23.333333333333332,9.264628073124864,18.0,16.761904761904763,11.894976931061118,1742.0,1503.904761904762,988.996254025358,1.0,2.380952380952381,4.055566427469664,1.0,1.7142857142857142,2.390457218668787,2.0,3.1904761904761907,2.619523766241635,0.0,0.09523809523809523,0.30079260375911915,1.4,1.9095238095238096,2.4770758490415186,1.1,1.3904761904761906,1.3615817132676105,13.0,25.523809523809526,32.19102211427753,34.0,43.95238095238095,39.85031516873636,19.0,43.523809523809526,54.34852256282506,0.04,0.1280952380952381,0.1715406379730193,0.06,0.09857142857142856,0.1168454412583441,0.08,0.1219047619047619,0.1408765078932271,0.07,0.09285714285714286,0.08603155567248898,38.9,40.9421052631579,25.41922535294614,0.32,0.46095238095238095,0.43377303698944636,0.06,0.0836842105263158,0.08623034567146233,18.9,18.678947368421053,6.1145163293199625,418.0,422.42857142857144,310.0010599060222,78.0,74.07142857142856,8.559038664309377,6008.0,7209.666666666667,5757.437175804295,88.1,85.96190476190478,7.6497370013926735,81.6,78.3952380952381,11.577455514510783,46.0,46.699999999999996,18.339356586314583,11.0,13.761904761904763,14.243962797988353,10.0,16.285714285714285,17.076717650482067,8.0,9.476190476190476,9.912714298410137,1.0,2.3333333333333335,3.1358146203711303,34.0,43.95238095238095,39.85031516873636,886.0,747.7619047619048,509.1046950050554,31.0,99.38095238095238,164.4245955416878,159.0,256.5238095238095,266.5778721213783,254.0,298.42857142857144,238.94488306481296,158.0,202.42857142857142,192.43273407312267,21.0,31.523809523809526,29.6995270124274,20.0,26.19047619047619,24.549173199150818,40.0,49.32222222222222,25.03352001183626,38.45,39.32222222222222,22.701400722669995,371.0,342.76190476190476,245.0424258698695,1491.0,1987.904761904762,1597.2609024439903,13.0,25.523809523809526,32.19102211427753,2.0,7.666666666666667,12.013880860626733,17.0,22.857142857142858,21.87529591636583,9.0,12.714285714285714,11.853872182299153,461.0,419.4761904761905,299.93976379393564,19.0,43.523809523809526,54.34852256282506,21.0,27.571428571428573,23.79195542314971,13.0,16.857142857142858,14.940835700474436,19.0,22.523809523809526,24.778254675458978,11.0,17.714285714285715,17.27756596613903,4.0,6.476190476190476,9.703705723171161,8.0,11.238095238095237,10.1237580073052,12.0,12.80952380952381,10.55281501599951,29.0,32.666666666666664,30.43572462310259,1.75,2.051904761904762,1.320808915201662,2.0,3.8095238095238093,4.697010193932387,0.18,0.23619047619047623,0.24779984242279474,12.0,16.0,12.680693987317888,10.0,16.714285714285715,15.611351181569317,1.0,3.5714285714285716,5.436648127030373,8.0,23.238095238095237,34.92549893974997,50.0,63.142857142857146,49.07064877733502,14.0,22.523809523809526,24.152886054505053,0.43799999999999994,0.47547619047619055,0.1777860003058787,1.19,1.19,,0.745,0.745,,0.406,0.406,,0.0,0.0,
"2024-2025 Tottenham Hotspur Stats
(Premier League)",25.0,25.037037037037038,4.527535256469628,19.0,17.74074074074074,9.079107854310324,14.0,13.0,7.927556612611092,1252.0,1167.7777777777778,680.0686805436715,0.0,2.111111111111111,3.190530861704237,1.0,1.5925925925925926,2.257623993685861,2.0,2.2962962962962963,2.3503651895432176,0.0,0.037037037037037035,0.19245008972987523,0.7,1.977777777777778,2.8772761335537385,0.6,1.4814814814814814,2.011512449919795,15.0,26.88888888888889,28.29831923975118,45.0,53.18518518518518,45.38725425714634,30.0,52.81481481481482,67.90153336720927,0.0,0.1451851851851852,0.2240942516403168,0.05,0.12,0.15879352825409673,0.08,0.14592592592592593,0.16955278867700216,0.07,0.10629629629629628,0.11516370115048433,37.5,34.80416666666667,20.608851605384363,0.3,0.41888888888888887,0.4146298936617435,0.065,0.08166666666666667,0.0995497108360252,16.6,15.862499999999999,5.179710626464866,659.0,542.1111111111111,357.33482825940644,84.8,81.38518518518521,8.282776555261373,9970.0,8936.333333333334,6139.7574557456755,91.4,89.9962962962963,6.635712325189968,90.1,84.95925925925928,10.771374430522185,55.6,55.562962962962956,14.822959014991373,6.0,12.666666666666666,16.893330500070594,17.0,18.40740740740741,16.81862351282342,7.0,12.481481481481481,16.2062912056977,1.0,2.7037037037037037,4.366082690774198,45.0,53.18518518518518,45.38725425714634,833.0,784.5925925925926,498.96070904810654,42.0,80.03703703703704,106.51452825481005,207.0,254.22222222222223,214.1820457413476,359.0,331.48148148148147,247.68223599703316,130.0,206.7037037037037,221.09270850705536,20.0,33.407407407407405,41.250882749770675,14.0,19.40740740740741,17.16718528799205,42.95,43.715384615384615,24.813265682818816,48.4,43.18461538461539,23.862568048015156,564.0,494.4074074074074,303.9198096739512,2738.0,2703.6296296296296,1637.8774996023676,15.0,26.88888888888889,28.29831923975118,4.0,8.296296296296296,11.694228737073075,13.0,16.814814814814813,17.47093638685741,10.0,13.555555555555555,15.61885776709417,587.0,537.8888888888889,333.06586705165665,30.0,52.81481481481482,67.90153336720927,12.0,21.37037037037037,20.009897835721485,6.0,13.592592592592593,13.471506281091267,11.0,13.148148148148149,12.66340488817377,15.0,13.74074074074074,11.261208408284379,4.0,4.666666666666667,4.835764198615911,9.0,9.074074074074074,8.380040049132894,9.0,9.88888888888889,10.16530045465127,15.0,28.962962962962962,35.36891451486904,1.7,1.9462962962962962,1.5563447021495052,2.0,3.6296296296296298,4.4819994520659066,0.26,0.26407407407407407,0.2655366012618347,10.0,13.777777777777779,12.388994288770153,10.0,15.296296296296296,14.935282992386789,1.0,1.9259259259259258,2.8813181535530403,10.0,24.074074074074073,39.28781953141156,56.0,53.370370370370374,39.34966342163566,8.0,13.074074074074074,13.035236051463698,0.5,0.5067037037037038,0.2298832169761278,1.75,1.7133333333333336,0.4461315202194678,0.69,0.6506666666666666,0.07605480480109944,0.2,0.19766666666666666,0.05353814839283604,0.0,0.0,
"2024-2025 Chelsea Stats
(Premier League)",24.0,23.88,2.297099620536007,19.0,18.52,10.120606042459448,13.0,14.08,10.479821881437998,1172.0,1260.32,917.4276411067342,1.0,2.16,3.4360830412937733,1.0,1.64,2.079262689833426,3.0,3.6,3.068658773253661,0.0,0.04,0.2,0.7,2.464,3.9975909412211412,1.1,1.8799999999999997,2.289650628371062,12.0,29.12,36.45353206480821,32.0,54.88,58.456051868048704,11.0,53.56,70.2567197260637,0.03,0.1192,0.14985882245188858,0.06,0.10640000000000001,0.10961599639955232,0.08,0.1592,0.18670207997413063,0.09,0.1392,0.14387262885390442,28.9,28.80454545454545,22.009012813428164,0.25,0.43560000000000004,0.49378706611926027,0.065,0.085,0.1114728239356592,14.85,15.068181818181818,4.572733512341582,420.0,622.24,540.1581003126153,84.9,84.148,6.627287026629625,7109.0,10755.88,9693.800296753247,92.2,91.024,5.787434664857999,91.2,88.68799999999999,7.428846927125815,58.8,59.82,13.770862960129502,6.0,16.08,20.35706265648362,11.0,16.84,17.99925924401705,5.0,12.16,15.807909412695912,0.0,2.56,4.865524980239371,32.0,54.88,58.456051868048704,703.0,863.12,699.3521001612851,19.0,80.12,165.8061920838101,120.0,259.0,306.6641757145211,239.0,387.76,381.1524498150314,118.0,223.28,241.40828486197407,12.0,38.88,48.10866172877119,12.0,18.48,20.62991355612847,40.5,44.630434782608695,19.381303896060825,40.8,39.25217391304348,23.746729335851654,360.0,498.44,383.0762630773842,2255.0,2654.44,2006.721249534507,12.0,29.12,36.45353206480821,1.0,10.68,19.48229965892117,6.0,15.32,17.32224003990246,5.0,10.32,10.919096421713048,442.0,617.0,493.7607382798542,11.0,53.56,70.2567197260637,12.0,19.44,21.899543374234995,8.0,12.24,13.417277418810915,9.0,13.52,13.711673858431727,9.0,11.96,12.377668062549853,1.0,3.52,5.213124462994018,6.0,8.44,9.115371632577578,7.0,9.2,10.157099323461727,15.0,37.32,44.26785891968725,1.74,2.2324,1.6217795781178157,2.0,3.8,4.213074886588179,0.18,0.22759999999999997,0.21354702838797204,8.0,14.8,14.82958754202782,11.0,15.16,15.563525735942141,1.0,2.12,3.7674040576149155,3.0,22.44,37.2335869880945,38.0,52.36,46.10303677633394,8.0,13.68,15.858015848985227,0.4325,0.4832916666666667,0.24543386236846262,1.325,1.325,0.2474873734152917,0.7410000000000001,0.7410000000000001,0.03818376618407352,0.21799999999999997,0.21799999999999997,0.07212489168102784,0.1,0.1,0.14142135623730953
"2024-2025 Brentford Stats
(Premier League)",24.5,25.8,3.7919582498256825,25.0,22.35,10.132153093779698,20.5,17.6,11.997368132439012,1879.0,1573.35,1008.5519726711893,0.5,2.6,4.7506232278124925,1.0,1.65,2.3680993933621335,2.0,2.25,1.5517392618742702,0.0,0.05,0.22360679774997894,0.9500000000000001,2.4300000000000006,3.7073327055274774,1.2,1.7449999999999999,2.11597308708385,12.0,25.15,30.860083228048907,51.0,57.05,50.37279445348085,30.5,56.0,72.29471845017085,0.015,0.11299999999999999,0.18350677601141943,0.065,0.07750000000000001,0.09430493652313,0.065,0.124,0.15756034767001098,0.07500000000000001,0.09100000000000001,0.08194349786349898,33.3,32.411764705882355,16.37963225903367,0.185,0.325,0.36371619937007277,0.06,0.08,0.08268917704270615,15.1,15.923529411764703,4.263292362095976,450.0,562.4,408.05642024757213,77.35,76.93500000000002,7.925128257305167,7380.0,10275.2,8649.449855337622,87.15,86.97,7.752833098463527,82.45,82.44,9.951746739035048,55.25,55.55499999999999,13.973564326971125,8.0,13.5,15.902664457319888,9.5,15.55,18.236675020120135,7.0,13.65,17.403190874997005,2.0,3.7,5.037752213876845,51.0,57.05,50.37279445348085,758.5,902.95,607.5674946261656,47.0,141.55,272.4497974036008,221.5,354.4,394.50000333533444,324.0,334.55,251.6887122910697,153.0,222.2,215.9935671556715,27.5,41.0,42.30465944226848,24.0,24.4,19.432474176789192,47.5,47.83888888888889,19.62073149949215,42.9,42.40555555555555,16.157368460103754,415.5,476.15,325.59245998640694,2618.5,2591.6,1880.496390234294,12.0,25.15,30.860083228048907,1.0,8.85,16.69943270388485,14.0,21.7,23.51729486770825,8.0,12.4,12.75848530854745,508.0,554.3,370.7615349378542,30.5,56.0,72.29471845017085,27.0,26.0,21.29986409642831,17.5,15.55,12.381969063712639,17.5,23.6,22.504736343595248,19.0,20.75,18.020091126587744,3.5,8.45,12.115561980579487,12.5,12.3,9.520614752375915,8.5,12.35,11.44908638046584,21.0,32.3,32.807412512867785,1.655,1.811,1.1551208640338533,2.0,4.4,5.082477638649128,0.195,0.2325,0.21681607534109595,10.5,12.65,9.975100579891281,10.0,14.35,12.938213494182751,1.0,3.05,4.418561328139094,12.5,28.2,41.764502681230695,55.0,68.65,51.819804180092746,15.5,26.6,28.908931419017787,0.556,0.5458000000000001,0.19844118842407163,1.375,1.375,0.19091883092036785,0.62,0.62,0.16970562748477142,0.5805,0.5805,0.5932625894155134,0.0,0.0,
"2024-2025 Arsenal Stats
(Premier League)",26.5,25.954545454545453,3.823203253409779,21.5,21.272727272727273,7.765502578908226,15.0,16.0,9.783367810436532,1355.5,1429.7727272727273,849.3817881717985,2.0,2.5,2.558831578595795,1.0,2.0,2.5260547066428276,2.5,2.8636363636363638,1.8846612565519705,0.0,0.22727272727272727,0.5284134548067254,1.65,2.3272727272727276,2.420386001915479,0.8500000000000001,1.768181818181818,2.009355822772767,21.0,32.04545454545455,29.67358497083972,53.0,69.5,56.291545504081654,50.0,68.5,69.64313797257176,0.095,0.15318181818181817,0.16214004421916856,0.08,0.13045454545454543,0.17089337451915876,0.1,0.15227272727272728,0.14188968948688266,0.08499999999999999,0.12090909090909087,0.12447639251830965,30.4,29.261904761904763,23.613840775919456,0.23,0.40090909090909094,0.4075000331978845,0.1,0.14619047619047618,0.2195330542418656,15.0,14.62857142857143,5.152197866652916,419.0,637.4545454545455,513.9171442643562,82.25,81.70454545454547,6.329107156826894,6499.5,10446.772727272728,9095.22456557662,91.15,90.50454545454545,5.025693723516924,85.9,84.41363636363639,8.27976854142476,52.0,54.95000000000002,10.079009305057149,10.0,15.818181818181818,15.813304716617777,17.0,19.636363636363637,15.98077849747256,9.0,16.272727272727273,15.919983902186818,1.5,2.8636363636363638,3.616041699947275,53.0,69.5,56.291545504081654,724.0,906.3636363636364,625.9278480748967,23.0,69.72727272727273,155.32214812115396,113.5,230.63636363636363,306.32981688036296,265.5,391.8181818181818,357.76976320421977,223.5,290.90909090909093,215.68714315634054,34.5,48.40909090909091,44.480770688455486,20.0,19.727272727272727,13.99721679199397,44.55,48.809090909090905,21.601452973417565,34.3,36.3590909090909,16.343912776580915,378.5,526.9545454545455,374.4847224644917,2181.0,2801.5454545454545,1892.69469596161,21.0,32.04545454545455,29.67358497083972,4.0,10.863636363636363,13.54110305187402,15.0,18.363636363636363,14.539094930059482,12.5,14.727272727272727,12.630959011141062,500.5,630.9090909090909,449.47778260585585,50.0,68.5,69.64313797257176,18.5,23.045454545454547,19.816965489502202,11.5,13.5,12.046536747922516,15.5,18.181818181818183,17.47824869628469,10.0,12.454545454545455,10.495927884875266,1.5,4.0,6.590035768383312,7.5,8.454545454545455,6.829399141995776,6.0,8.818181818181818,8.261421321484715,23.0,35.95454545454545,30.34009962115558,2.25,2.409545454545454,1.387342362637583,3.0,4.409090909090909,5.058317910786163,0.24,0.27681818181818185,0.3037603435610816,14.0,16.136363636363637,10.767214144471188,16.5,15.590909090909092,11.454502507993427,1.5,3.3181818181818183,3.708245171382584,11.0,30.454545454545453,40.80350973784495,46.5,54.68181818181818,37.45776842771624,10.0,19.0,19.542383731386558,0.525,0.484590909090909,0.19609853186379084,0.84,0.84,,0.765,0.765,,0.344,0.344,,0.0,0.0,
all,26.0,26.40289256198347,4.215822495981741,21.0,19.59917355371901,9.027934525684403,14.0,14.431818181818182,10.002147802473521,1233.0,1293.654958677686,844.390840222681,1.0,1.890495867768595,3.320429354671135,1.0,1.390495867768595,2.1015602411512875,2.0,2.770661157024793,2.434033786318391,0.0,0.08264462809917356,0.29731098132950967,0.8,1.9225206611570247,2.926775274750182,0.7,1.418595041322314,1.7647647745166908,13.0,24.549586776859503,28.773615197015335,35.5,48.47933884297521,46.23758953605182,22.0,47.836776859504134,60.04205057465064,0.03,0.12200413223140497,0.19481134895229252,0.04,0.0887603305785124,0.12305847217570035,0.07,0.1359917355371901,0.16476738083319073,0.07,0.09725206611570247,0.10032911935395081,30.0,29.687935034802784,20.37488406371244,0.23,0.4103719008264463,0.4871332735573822,0.06,0.07928074245939676,0.10905169491194716,16.4,16.699303944315545,5.040577161301165,425.5,519.6673553719008,425.1843186824356,79.95,79.32665289256198,8.21542585019005,6910.5,8926.012396694216,7684.872509712131,89.65,88.74008264462809,6.702946170435514,85.7,84.07045454545455,10.071946927324047,53.849999999999994,54.42833333333333,16.328645543182027,8.0,12.832644628099173,14.34457964696737,12.0,16.522727272727273,17.101133230402457,6.0,10.869834710743802,13.267809983307766,1.0,2.5640495867768593,3.9836660453779427,35.5,48.47933884297521,46.23758953605182,676.0,786.3326446280992,575.9388400720605,31.0,88.80165289256199,163.22201571933167,147.5,260.7314049586777,285.73955870547945,259.0,334.32851239669424,291.61916359640094,126.5,199.0805785123967,196.15264188404686,19.0,32.49586776859504,38.48128774740828,16.5,21.235537190082646,19.133136505739675,44.8,46.69820224719101,22.99857215318225,44.3,41.96022471910112,21.710031412076574,372.0,440.7210743801653,331.43555420969614,1941.5,2365.380165289256,1821.7741472479306,13.0,24.549586776859503,28.773615197015335,2.0,7.716942148760331,13.478317921173398,11.0,17.797520661157026,18.113408381592073,7.0,12.514462809917354,13.96704927113452,443.0,514.2623966942149,388.4373846746442,22.0,47.836776859504134,60.04205057465064,16.5,23.322314049586776,21.201572220318567,10.0,13.90702479338843,13.023375712131728,12.0,17.041322314049587,17.329540926523585,11.0,14.367768595041323,12.88189198760397,2.0,4.8429752066115705,6.899765368786938,7.0,9.524793388429751,8.78648294631697,7.0,10.648760330578513,11.13202245442743,19.0,30.03305785123967,30.063613407002048,1.8,2.0845661157024793,1.428512531103695,2.0,3.272727272727273,3.920535730493815,0.15,0.21380165289256203,0.22247899828152615,11.0,14.557851239669422,12.933448071460372,10.0,14.12396694214876,13.72448221151021,1.0,2.2582644628099175,3.7390881800951754,8.0,22.824380165289256,33.288502118915076,42.5,54.94421487603306,43.415930847434076,9.0,17.0599173553719,19.851063585082645,0.5,0.48801680672268904,0.2150827300588566,1.5,1.6361538461538463,0.6480034737748646,0.685,0.6732307692307692,0.08289894340589489,0.2,0.23682051282051284,0.2260391060477987,0.0,0.16744,0.2948087063390994
